Workbook
Name Slicer_Category: #N/A
Name Slicer_Region: #N/A

Sheet Instructions
A1: SALES & OPERATIONS MIS REPORTING SYSTEM — PORTFOLIO DATA
A2: Purpose | B2: Practice a realistic Excel MIS workflow using synthetic sample records.
A3: Dataset | B3: 600 synthetic orders dated 1–18 Oct 2026. No real customer data.
A4: Sheets | B4: Raw_Data, Cleaned_Data, Daily_MIS, Employee_Performance, Instructions.
A5: Day 1 | B5: Review Raw_Data; verify date/number types; inspect blanks and duplicate Order_IDs. Keep Raw_Data unchanged. Clean in Cleaned_Data.
A6: Day 2 | B6: Review Daily_MIS formulas. The sample target is illustrative; total sales shown cover all dataset rows, so adjust date filtering/reporting logic for a true daily report.
A7: Day 3 | B7: Review Employee_Performance. Change employee targets as needed; Actual_Sales uses SUMIF and achievement/shortfall are formula-driven.
A8: Important | B8: This workbook is a starter template. Validate formulas and data before presenting it in a portfolio; do not claim business impact from synthetic data.

Sheet Raw_Data
A1: Order_ID | B1: Order_Date | C1: Employee | D1: Region | E1: Category | F1: Quantity | G1: Unit_Price | H1: Sales | I1: Order_Status
A2: ORD0001 | B2: 46299 | C2: Rahul Sharma | D2: East | E2: Furniture | F2: 4 | G2: 7072 | H2: 28288 | I2: Pending
A3: ORD0002 | B3: 46313 | C3: Priya Nair | D3: Central | E3: Home & Kitchen | F3: 1 | G3: 444 | H3: 444 | I3: Delivered
A4: ORD0003 | B4: 46303 | C4: Rahul Sharma | D4: Central | E4: Furniture | F4: 7 | G4: 9723 | H4: 68061 | I4: Delivered
A5: ORD0004 | B5: 46304 | C5: Rahul Sharma | D5: North | E5: Home & Kitchen | F5: 6 | G5: 2476 | H5: 14856 | I5: Delivered
A6: ORD0005 | B6: 46306 | C6: Priya Nair | D6: South | E6: Home & Kitchen | F6: 2 | G6: 3140 | H6: 6280 | I6: Shipped
A7: ORD0006 | B7: 46304 | C7: Rahul Sharma | D7: West | E7: Accessories | F7: 2 | G7: 3200 | H7: 6400 | I7: Delivered
A8: ORD0007 | B8: 46305 | C8: Meera Iyer | D8: Central | E8: Furniture | F8: 2 | G8: 4001 | H8: 8002 | I8: Pending
A9: ORD0008 | B9: 46305 | C9: Priya Nair | D9: North | E9: Electronics | F9: 7 | G9: 19417 | H9: 135919 | I9: Delivered
A10: ORD0009 | B10: 46307 | C10: Amit Kumar | D10: East | E10: Clothing | F10: 4 | G10: 2995 | H10: 11980 | I10: Delivered
A11: ORD0010 | B11: 46298 | C11: Amit Kumar | D11: Central | E11: Furniture | F11: 3 | G11: 17647 | H11: 52941 | I11: Delivered
A12: ORD0011 | B12: 46313 | C12: Sneha Rao | D12: East | E12: Electronics | F12: 4 | G12: 3303 | H12: 13212 | I12: Shipped
A13: ORD0012 | B13: 46308 | C13: Kiran Patel | D13: South | E13: Furniture | F13: 6 | G13: 9467 | H13: 56802 | I13: Pending
... A601: ORD0600 | B601: 46305 | C601: Rahul Sharma | D601: Central | E601: Clothing | F601: 8 | G601: 2243 | H601: 17944 | I601: Delivered

Sheet Weekly_report
A3: Sum of Sales | B3: Column Labels
A4: Row Labels | B4: Central | C4: East | D4: North | E4: South | F4: West | G4: Grand Total
A5: 01-10-2026 - 07-10-2026 | B5: 1171180 | C5: 2307453 | D5: 2121255 | E5: 1021308 | F5: 2840343 | G5: 9461539
A6: 08-10-2026 - 14-10-2026 | B6: 2224613 | C6: 2179345 | D6: 1678941 | E6: 2379465 | F6: 2536030 | G6: 10998394
A7: 15-10-2026 - 19-10-2026 | B7: 937113 | C7: 1073098 | D7: 1188759 | E7: 1581283 | F7: 1484049 | G7: 6264302
A8: Grand Total | B8: 4332906 | C8: 5559896 | D8: 4988955 | E8: 4982056 | F8: 6860422 | G8: 26724235

Sheet Region_Report
A3: Row Labels | B3: Sum of Sales
A4: Central | B4: 4332906
A5: East | B5: 5559896
A6: North | B6: 4988955
A7: South | B7: 4982056
A8: West | B8: 6860422
A9: Grand Total | B9: 26724235

Sheet Category_Report
A3: Row Labels | B3: Sum of Sales
A4: Accessories | B4: 1395739
A5: Clothing | B5: 966830
A6: Electronics | B6: 12035348
A7: Furniture | B7: 10084425
A8: Home & Kitchen | B8: 2241893
A9: Grand Total | B9: 26724235

Sheet Dashboard
A1: SALES & OPERATIONS MIS DASHBOARD
A3: Total Sales | C3: Total Orders | E3: Daily Target Achievement | G3: Pending Orders
A4: =SUM(CleanedSalesTable[Sales]) -> 26724235 | C4: =COUNTA(CleanedSalesTable[Order_ID]) -> 600 | E4: =IFERROR(Daily_MIS!B2/Daily_MIS!B5,0) -> 8.9202267 | G4: =COUNTIF(Cleaned_Data!I:I,"Pending") -> 93
A7: \

Sheet Cleaned_Data
A1: Order_ID | B1: Order_Date | C1: Employee | D1: Region | E1: Category | F1: Quantity | G1: Unit_Price | H1: Sales | I1: Order_Status
A2: ORD0001 | B2: 46299 | C2: Rahul Sharma | D2: East | E2: Furniture | F2: 4 | G2: 7072 | H2: =F2*G2 -> 28288 | I2: Delivered
A3: ORD0002 | B3: 46313 | C3: Priya Nair | D3: Central | E3: Home & Kitchen | F3: 1 | G3: 444 | H3: =F3*G3 -> 444 | I3: Delivered
A4: ORD0003 | B4: 46303 | C4: Rahul Sharma | D4: Central | E4: Furniture | F4: 7 | G4: 9723 | H4: =F4*G4 -> 68061 | I4: Delivered
A5: ORD0004 | B5: 46304 | C5: Rahul Sharma | D5: North | E5: Home & Kitchen | F5: 6 | G5: 2476 | H5: =F5*G5 -> 14856 | I5: Delivered
A6: ORD0005 | B6: 46306 | C6: Priya Nair | D6: South | E6: Home & Kitchen | F6: 2 | G6: 3140 | H6: =F6*G6 -> 6280 | I6: Shipped
A7: ORD0006 | B7: 46304 | C7: Rahul Sharma | D7: West | E7: Accessories | F7: 2 | G7: 3200 | H7: =F7*G7 -> 6400 | I7: Delivered
A8: ORD0007 | B8: 46305 | C8: Meera Iyer | D8: Central | E8: Furniture | F8: 2 | G8: 4001 | H8: =F8*G8 -> 8002 | I8: Delivered
A9: ORD0008 | B9: 46305 | C9: Priya Nair | D9: North | E9: Electronics | F9: 7 | G9: 19417 | H9: =F9*G9 -> 135919 | I9: Delivered
A10: ORD0009 | B10: 46307 | C10: Amit Kumar | D10: East | E10: Clothing | F10: 4 | G10: 2995 | H10: =F10*G10 -> 11980 | I10: Delivered
A11: ORD0010 | B11: 46298 | C11: Amit Kumar | D11: Central | E11: Furniture | F11: 3 | G11: 17647 | H11: =F11*G11 -> 52941 | I11: Delivered
A12: ORD0011 | B12: 46313 | C12: Sneha Rao | D12: East | E12: Electronics | F12: 4 | G12: 3303 | H12: =F12*G12 -> 13212 | I12: Shipped
A13: ORD0012 | B13: 46308 | C13: Kiran Patel | D13: South | E13: Furniture | F13: 6 | G13: 9467 | H13: =F13*G13 -> 56802 | I13: Delivered
... A601: ORD0600 | B601: 46305 | C601: Rahul Sharma | D601: Central | E601: Clothing | F601: 8 | G601: 2243 | H601: =F601*G601 -> 17944 | I601: Delivered

Sheet Daily_MIS
A1: DAILY SALES MIS REPORT
A2: Total Sales | B2: =SUMIFS(Cleaned_Data!H:H,Cleaned_Data!B:B,F3) -> 1338034 | D2: Note | F2: Reporting Date
A3: Total Orders | B3: =COUNTIFS(Cleaned_Data!B:B,F3) -> 32 | D3: Daily target is illustrative; update it to match the selected reporting date. | F3: 46313
A4: Pending Orders | B4: =COUNTIFS(Cleaned_Data!B:B,F3,Cleaned_Data!I:I,"Pending") -> 7
A5: Daily Target | B5: 150000
A6: Achievement % | B6: =IFERROR(B2/B5,0) -> 8.9202267
A7: Target Shortfall | B7: =MAX(B5-B2,0) -> 0
A8: Daily Performance | B8: =IF(B6>=1,"Target Achieved","Target Not Achieved") -> Target Achieved
A9: Delivered Orders | B9: =COUNTIF(Cleaned_Data!I2:I601,"Delivered") -> 376

Sheet Employee_Performance
A1: Employee | B1: Target | C1: Actual_Sales | D1: Achievement_% | E1: Shortfall | F1: Performance Status
A2: Rahul Sharma | B2: 500000 | C2: =SUMIF(Cleaned_Data!C:C,A2,Cleaned_Data!H:H) -> 3364488 | D2: =IFERROR(C2/B2,0) -> 6.728976 | E2: =MAX(B2-C2,0) -> 0 | F2: =IF(D2>=1,"Target Achieved",IF(D2>=0.8,"Near Target","Below Target")) -> Target Achieved
A3: Priya Nair | B3: 500000 | C3: =SUMIF(Cleaned_Data!C:C,A3,Cleaned_Data!H:H) -> 4025360 | D3: =IFERROR(C3/B3,0) -> 8.05072 | E3: =MAX(B3-C3,0) -> 0 | F3: =IF(D3>=1,"Target Achieved",IF(D3>=0.8,"Near Target","Below Target")) -> Target Achieved
A4: Amit Kumar | B4: 500000 | C4: =SUMIF(Cleaned_Data!C:C,A4,Cleaned_Data!H:H) -> 2672174 | D4: =IFERROR(C4/B4,0) -> 5.344348 | E4: =MAX(B4-C4,0) -> 0 | F4: =IF(D4>=1,"Target Achieved",IF(D4>=0.8,"Near Target","Below Target")) -> Target Achieved
A5: Sneha Rao | B5: 500000 | C5: =SUMIF(Cleaned_Data!C:C,A5,Cleaned_Data!H:H) -> 3413061 | D5: =IFERROR(C5/B5,0) -> 6.826122 | E5: =MAX(B5-C5,0) -> 0 | F5: =IF(D5>=1,"Target Achieved",IF(D5>=0.8,"Near Target","Below Target")) -> Target Achieved
A6: Kiran Patel | B6: 500000 | C6: =SUMIF(Cleaned_Data!C:C,A6,Cleaned_Data!H:H) -> 3448677 | D6: =IFERROR(C6/B6,0) -> 6.897354 | E6: =MAX(B6-C6,0) -> 0 | F6: =IF(D6>=1,"Target Achieved",IF(D6>=0.8,"Near Target","Below Target")) -> Target Achieved
A7: Meera Iyer | B7: 500000 | C7: =SUMIF(Cleaned_Data!C:C,A7,Cleaned_Data!H:H) -> 3454730 | D7: =IFERROR(C7/B7,0) -> 6.90946 | E7: =MAX(B7-C7,0) -> 0 | F7: =IF(D7>=1,"Target Achieved",IF(D7>=0.8,"Near Target","Below Target")) -> Target Achieved
A8: Arjun Das | B8: 500000 | C8: =SUMIF(Cleaned_Data!C:C,A8,Cleaned_Data!H:H) -> 2651928 | D8: =IFERROR(C8/B8,0) -> 5.303856 | E8: =MAX(B8-C8,0) -> 0 | F8: =IF(D8>=1,"Target Achieved",IF(D8>=0.8,"Near Target","Below Target")) -> Target Achieved
A9: Neha Reddy | B9: 500000 | C9: =SUMIF(Cleaned_Data!C:C,A9,Cleaned_Data!H:H) -> 3693817 | D9: =IFERROR(C9/B9,0) -> 7.387634 | E9: =MAX(B9-C9,0) -> 0 | F9: =IF(D9>=1,"Target Achieved",IF(D9>=0.8,"Near Target","Below Target")) -> Target Achieved

Sheet Error_Checks
A1: Error Check | B1: Result | C1: Check Status
A2: Total Orders | B2: =COUNTA(Cleaned_Data!A:A)-1 -> 600 | C2: =IF(B2=600,"PASS","CHECK") -> PASS
A3: Duplicate Order IDs | B3: {=SUMPRODUCT((Cleaned_Data!A2:A1000<>"")*(COUNTIF(Cleaned_Data!A2:A1000,Cleaned_Data!A2:A1000)>1))} -> 0 | C3: =IF(B3=0,"PASS","CHECK") -> PASS
A4: Blank Order IDs | B4: =COUNTBLANK(Cleaned_Data!A2:A601) -> 0 | C4: =IF(B4=0,"PASS","CHECK") -> PASS
A5: Blank Employee Names | B5: =COUNTBLANK(Cleaned_Data!C2:C601) -> 0 | C5: =IF(B5=0,"PASS","CHECK") -> PASS
